{
  "prepare_queue": {
    "installed": [],
    "uninstalled": []
  },
  "config_munge": {
    "files": {
      "res/xml/config.xml": {
        "parents": {
          "/*": [
            {
              "xml": "<feature name=\"Whitelist\"><param name=\"android-package\" value=\"org.apache.cordova.whitelist.WhitelistPlugin\" /><param name=\"onload\" value=\"true\" /></feature>",
              "count": 1
            },
            {
              "xml": "<feature name=\"FirebasePlugin\"><param name=\"android-package\" value=\"org.apache.cordova.firebase.FirebasePlugin\" /><param name=\"onload\" value=\"true\" /></feature>",
              "count": 1
            }
          ]
        }
      },
      "AndroidManifest.xml": {
        "parents": {
          "/*": [
            {
              "xml": "<uses-permission android:name=\"android.permission.INTERNET\" />",
              "count": 1
            },
            {
              "xml": "<uses-permission android:name=\"android.permission.ACCESS_NETWORK_STATE\" />",
              "count": 1
            },
            {
              "xml": "<uses-permission android:name=\"android.permission.WAKE_LOCK\" />",
              "count": 1
            }
          ],
          "/manifest/application": [
            {
              "xml": "<service android:enabled=\"true\" android:exported=\"false\" android:name=\"com.google.android.gms.measurement.AppMeasurementService\" />",
              "count": 1
            },
            {
              "xml": "<service android:name=\"org.apache.cordova.firebase.FirebasePluginMessagingService\"><intent-filter><action android:name=\"com.google.firebase.MESSAGING_EVENT\" /></intent-filter></service>",
              "count": 1
            },
            {
              "xml": "<service android:name=\"org.apache.cordova.firebase.FirebasePluginInstanceIDService\"><intent-filter><action android:name=\"com.google.firebase.INSTANCE_ID_EVENT\" /></intent-filter></service>",
              "count": 1
            },
            {
              "xml": "<receiver android:name=\"org.apache.cordova.firebase.OnNotificationOpenReceiver\" />",
              "count": 1
            }
          ]
        }
      }
    }
  },
  "installed_plugins": {
    "cordova-plugin-whitelist": {
      "PACKAGE_NAME": "com.notificationtest.app"
    },
    "cordova-plugin-firebase": {
      "PACKAGE_NAME": "com.notificationtest.app"
    }
  },
  "dependent_plugins": {},
  "modules": [
    {
      "id": "cordova-plugin-firebase.FirebasePlugin",
      "file": "plugins/cordova-plugin-firebase/www/firebase.js",
      "pluginId": "cordova-plugin-firebase",
      "clobbers": [
        "FirebasePlugin"
      ]
    }
  ],
  "plugin_metadata": {
    "cordova-plugin-whitelist": "1.3.4",
    "cordova-plugin-firebase": "2.0.5"
  }
}
